Type,Value
Domain,www.protected-docfile.top
Domain,www.protected-docfile.top
Domain,protected-docfile.top
Domain,document.docuvault.top
Domain,vinci.wetransfer-documents.top
Domain,dfence.protected-files.top
Domain,huchas.top
Domain,hdpxg9hjtzsyt.huchas.top
Domain,soxconsulting.co.za
Domain,ecb.topcloudsoft.net
Domain,ecb.topcloudsoft.net
Domain,ecb.topcloudsoft.net
Domain,ecb.topcloudsoft.net
Domain,ecb.topcloudsoft.net
Domain,ecb.topcloudsoft.net
Domain,ecb.topcloudsoft.net
Domain,ecb.topcloudsoft.net
Domain,ecb.topcloudsoft.net
Domain,ecb.topcloudsoft.net
Domain,ecb.topcloudsoft.net
Domain,ecb.topcloudsoft.net
Domain,ecb.topcloudsoft.net
Domain,ecb.topcloudsoft.net
Domain,ecb.topcloudsoft.net
Domain,ecb.topcloudsoft.net
Domain,ecb.topcloudsoft.net
Domain,ecb.topcloudsoft.net
Domain,ecb.topcloudsoft.net
Domain,ecb.topcloudsoft.net
Domain,ecb.topcloudsoft.net
Domain,ecb.topcloudsoft.net
Domain,ecb.topcloudsoft.net
Domain,ecb.topcloudsoft.net
Domain,ecb.topcloudsoft.net
Domain,ecb.topcloudsoft.net
Domain,ecb.topcloudsoft.net
Domain,ecb.topcloudsoft.net
Domain,ecb.topcloudsoft.net
Domain,ecb.topcloudsoft.net
Domain,ecb.topcloudsoft.net
Domain,ecb.topcloudsoft.net
Domain,ecb.topcloudsoft.net
Domain,ecb.topcloudsoft.net
Domain,ecb.topcloudsoft.net
Domain,ecb.topcloudsoft.net
Domain,ecb.topcloudsoft.net
Domain,ecb.topcloudsoft.net
Domain,ecb.topcloudsoft.net
Domain,ecb.topcloudsoft.net
Domain,ecb.topcloudsoft.net
Domain,ecb.topcloudsoft.net
Domain,ecb.topcloudsoft.net
Domain,ecb.topcloudsoft.net
Domain,ecb.topcloudsoft.net
Domain,ecb.topcloudsoft.net
Domain,ecb.topcloudsoft.net
Domain,ecb.topcloudsoft.net
Domain,ecb.topcloudsoft.net
Domain,ecb.topcloudsoft.net
Domain,ecb.topcloudsoft.net
Domain,ecb.topcloudsoft.net
Domain,ecb.topcloudsoft.net
Domain,ecb.topcloudsoft.net
Domain,ecb.topcloudsoft.net
Domain,ecb.topcloudsoft.net
Domain,ecb.topcloudsoft.net
Domain,ecb.topcloudsoft.net
Domain,ecb.topcloudsoft.net
Domain,ecb.topcloudsoft.net
Domain,ecb.topcloudsoft.net
Domain,ecb.topcloudsoft.net
Domain,ecb.topcloudsoft.net
Domain,ecb.topcloudsoft.net
Domain,ecb.topcloudsoft.net
Domain,ecb.topcloudsoft.net
Domain,ecb.topcloudsoft.net
Domain,ecb.topcloudsoft.net
Domain,ecb.topcloudsoft.net
Domain,ecb.topcloudsoft.net
Domain,ecb.topcloudsoft.net
Domain,ecb.topcloudsoft.net
Domain,ecb.topcloudsoft.net
Domain,ecb.topcloudsoft.net
Domain,ecb.topcloudsoft.net
Domain,ecb.topcloudsoft.net
Domain,ecb.topcloudsoft.net
Domain,ecb.topcloudsoft.net
Domain,ecb.topcloudsoft.net
Domain,ecb.topcloudsoft.net
Domain,ecb.topcloudsoft.net
Domain,ecb.topcloudsoft.net
Domain,ecb.topcloudsoft.net
Domain,ecb.topcloudsoft.net
Domain,ecb.topcloudsoft.net
Domain,ecb.topcloudsoft.net
Domain,ecb.topcloudsoft.net
Domain,ecb.topcloudsoft.net
Domain,ecb.topcloudsoft.net
Domain,ecb.topcloudsoft.net
Domain,ecb.topcloudsoft.net
Domain,ecb.topcloudsoft.net
IP,45.83.31.45
IP,45.83.31.45
IP,45.83.31.45
IP,192.159.99.134
IP,170.130.55.60
IP,170.130.55.60
IP,172.245.185.10
IP,172.245.185.10
IP,185.15.138.27
IP,185.15.138.27
IP,185.15.138.27
IP,185.15.138.27
IP,185.15.138.27
IP,185.15.138.27
IP,185.15.138.27
IP,185.15.138.27
IP,185.15.138.27
IP,185.15.138.27
IP,185.15.138.27
IP,185.15.138.27
IP,185.15.138.27
IP,185.15.138.27
IP,185.15.138.27
IP,185.15.138.27
IP,185.15.138.27
IP,185.15.138.27
IP,185.15.138.27
IP,185.15.138.27
IP,185.15.138.27
IP,185.15.138.27
IP,185.15.138.27
IP,185.15.138.27
IP,185.15.138.27
IP,185.15.138.27
IP,185.15.138.27
IP,185.15.138.27
IP,185.15.138.27
IP,185.15.138.27
IP,185.15.138.27
IP,185.15.138.27
IP,185.15.138.27
IP,185.15.138.27
IP,185.15.138.27
IP,185.15.138.27
IP,185.15.138.27
IP,185.15.138.27
IP,185.15.138.27
IP,185.15.138.27
IP,185.15.138.27
IP,185.15.138.27
IP,185.15.138.27
IP,185.15.138.27
IP,185.15.138.27
IP,185.15.138.27
IP,185.15.138.27
IP,185.15.138.27
IP,185.15.138.27
IP,185.15.138.27
IP,185.15.138.27
IP,185.15.138.27
IP,185.15.138.27
IP,185.15.138.27
IP,185.15.138.27
IP,185.15.138.27
IP,185.15.138.27
IP,185.15.138.27
IP,185.15.138.27
IP,185.15.138.27
IP,185.15.138.27
IP,185.15.138.27
IP,185.15.138.27
IP,185.15.138.27
IP,185.15.138.27
IP,185.15.138.27
IP,185.15.138.27
IP,185.15.138.27
IP,185.15.138.27
IP,185.15.138.27
IP,185.15.138.27
IP,185.15.138.27
IP,185.15.138.27
IP,185.15.138.27
IP,185.15.138.27
IP,185.15.138.27
IP,185.15.138.27
IP,185.15.138.27
IP,185.15.138.27
IP,185.15.138.27
IP,185.15.138.27
IP,185.15.138.27
IP,185.15.138.27
IP,185.15.138.27
IP,185.15.138.27
IP,185.15.138.27
IP,185.15.138.27
IP,185.15.138.27
IP,185.15.138.27
IP,185.15.138.27
IP,185.15.138.27
IP,185.15.138.27